{
  "diet_pattern": {
    "0": {
      "precision": 0.9933437744714174,
      "recall": 0.9941222570532915,
      "f1-score": 0.9937328632980806,
      "support": 2552.0
    },
    "1": {
      "precision": 0.9975286452482588,
      "recall": 0.9968567579703638,
      "f1-score": 0.9971925884334644,
      "support": 4454.0
    },
    "2": {
      "precision": 0.994299674267101,
      "recall": 0.994704684317719,
      "f1-score": 0.9945021380574222,
      "support": 2455.0
    },
    "accuracy": 0.9955607229679738,
    "macro avg": {
      "precision": 0.9950573646622591,
      "recall": 0.995227899780458,
      "f1-score": 0.9951425299296557,
      "support": 9461.0
    },
    "weighted avg": {
      "precision": 0.9955619489179299,
      "recall": 0.9955607229679738,
      "f1-score": 0.9955612308371551,
      "support": 9461.0
    }
  },
  "urban_rural": {
    "0": {
      "precision": 0.7215254671103148,
      "recall": 0.895346990630459,
      "f1-score": 0.7990929062433563,
      "support": 6297.0
    },
    "1": {
      "precision": 0.5998785670916819,
      "recall": 0.3122629582806574,
      "f1-score": 0.41072542091041364,
      "support": 3164.0
    },
    "accuracy": 0.7003488003382307,
    "macro avg": {
      "precision": 0.6607020171009983,
      "recall": 0.6038049744555583,
      "f1-score": 0.604909163576885,
      "support": 9461.0
    },
    "weighted avg": {
      "precision": 0.6808436373186486,
      "recall": 0.7003488003382307,
      "f1-score": 0.6692129016356583,
      "support": 9461.0
    }
  },
  "high_energy": {
    "0": {
      "precision": 0.9995263656457215,
      "recall": 0.9971649078595054,
      "f1-score": 0.9983442403216904,
      "support": 6349.0
    },
    "1": {
      "precision": 0.994243684042213,
      "recall": 0.9990359897172236,
      "f1-score": 0.9966340759737138,
      "support": 3112.0
    },
    "accuracy": 0.9977803614839869,
    "macro avg": {
      "precision": 0.9968850248439672,
      "recall": 0.9981004487883645,
      "f1-score": 0.9974891581477021,
      "support": 9461.0
    },
    "weighted avg": {
      "precision": 0.9977887369436689,
      "recall": 0.9977803614839869,
      "f1-score": 0.997781717179221,
      "support": 9461.0
    }
  }
}