Model,Accuracy,Macro_F1,Kappa,JS_Div,Max_Diff
Full (with FatER),0.7852,0.7701,0.6378,0.0229,0.0266
No FatER,0.7827868852459017,0.7667573559052271,0.6349085019499703,0.021759574617337095,0.02565486117924065
KNN (k=5),0.7077049180327869,0.6905230597344404,,,
