missing_rate,Method,Accuracy,Macro_F1,Kappa,JS_Div,Wasserstein,Max_Class_Diff
0.1,Proposed (BXGB),0.7863,0.7756,0.6397,0.008357,0.019621,0.0099
0.2,Proposed (BXGB),0.7833,0.7696,0.6357,0.016937,0.039586,0.0199
0.3,Proposed (BXGB),0.7852,0.7701,0.6378,0.022868,0.053174,0.0266
0.4,Proposed (BXGB),0.7848,0.7716,0.6368,0.029636,0.068626,0.0344
0.5,Proposed (BXGB),0.7812,0.7674,0.6304,0.037084,0.085402,0.0427
