Test_Year,N_Train,N_Test,Imputation_Accuracy,Imputation_F1,Imputation_Kappa
1991,88480,13446,0.7736726205040372,0.6745488982639376,0.5676512724494316
1993,89294,12632,0.7982799061767005,0.7072165856474294,0.6186123719135453
1997,89183,12743,0.786618444846293,0.745776463803869,0.6295341842315036
2000,88396,13530,0.7844471445929526,0.7487843212983213,0.6311991175465823
2004,90143,11783,0.7730456710563183,0.7349592380094897,0.6222380249732251
2006,90598,11328,0.7615026208503203,0.7540551276697647,0.59861151885035
2009,90360,11566,0.7753934191702432,0.7714523944845596,0.6318467783750013
2011,87028,14898,0.7307862190812721,0.7696455175481004,0.5822324006882422
