missing_rate,n_missing,proposed_acc,proposed_f1,proposed_kappa,proposed_js,knn_acc,knn_f1,knn_js
0.1,2064,0.7863372093023255,0.7755613786356257,0.6397379679334875,0.008356847801284142,0.7354651162790697,0.7214149860436309,0.006566555132279591
0.2,4075,0.7833128834355828,0.7695624517974405,0.6357123534588154,0.01693706230921055,0.7293251533742331,0.7151446915473075,0.012060090180538602
0.3,6100,0.7852459016393443,0.7700635108302286,0.6377920463104014,0.022867628114209886,0.7208196721311475,0.7067705339865243,0.014206035442371225
0.4,8143,0.784845879896844,0.7716423155316897,0.6368182410286134,0.0296355847119828,0.7179172295222891,0.7042457485146635,0.019539474818544143
0.5,10207,0.781228568629372,0.7673727153934707,0.6304056837036374,0.03708354295476436,0.7205839130008818,0.7064296886615055,0.02416875458219193
0.6,12284,0.7797134483881472,0.7673905110875362,0.6300359342740978,0.04460481044667393,0.7145066753500489,0.6989701086432328,0.032984184723939464
0.7,14310,0.782669461914745,0.7702717913528069,0.6352717936128157,0.05125528806704055,0.7091544374563242,0.6918208448062598,0.03938473655268138
