diff_acc_mean,diff_acc_median,diff_acc_ci_lower,diff_acc_ci_upper,p_acc,diff_f1_mean,diff_f1_median,diff_f1_ci_lower,diff_f1_ci_upper,p_f1,n_boot
0.02418716271463614,0.024202780049059625,0.012101390024529812,0.03614063777596077,0.0,0.01888413419211512,0.018804120183630646,0.00583622609918317,0.0317943570858818,0.0015,2000
